checkpoint,label,h_res_mode,key,layer,component,n,identity_fro,identity_rmse,identity_mae,identity_max_abs,diag_mass,diag_mass_frac,offdiag_mass,offdiag_mass_frac,offdiag_abs_mean,offdiag_abs_max,total_mass,row_entropy_mean,row_entropy_norm_mean,row_entropy_norm_max,effective_support_mean,row_top1_mass_mean,row_top1_mass_min,row_top2_mass_mean,row_argmax_is_diag_frac,col_argmax_is_diag_frac,symmetry_fro,symmetry_rmse,row_err_max,row_err_mean,col_err_max,col_err_mean,nonneg_violation_max,nonneg_violation_mean,sparsity_abs_lt_0p0001,offdiag_sparsity_abs_lt_0p0001,sparsity_abs_lt_0p001,offdiag_sparsity_abs_lt_0p001,sparsity_abs_lt_0p01,offdiag_sparsity_abs_lt_0p01
out-owt-small-mhc-identity-h-res-4streams-10000iter/ckpt.pt,out-owt-small-mhc-identity-h-res-4streams-10000iter,identity,transformer.h.0.hc_attn.static_alpha,0,attn,4.0,0.0,0.0,0.0,0.0,4.0,1.0,0.0,0.0,0.0,0.0,4.0,0.0,0.0,-0.0,1.0,1.0,1.0,1.0,1.0,1.0,0.0,0.0,0.0,0.0,0.0,0.0,0.0,0.0,0.75,1.0,0.75,1.0,0.75,1.0
out-owt-small-mhc-identity-h-res-4streams-10000iter/ckpt.pt,out-owt-small-mhc-identity-h-res-4streams-10000iter,identity,transformer.h.0.hc_mlp.static_alpha,0,mlp,4.0,0.0,0.0,0.0,0.0,4.0,1.0,0.0,0.0,0.0,0.0,4.0,0.0,0.0,-0.0,1.0,1.0,1.0,1.0,1.0,1.0,0.0,0.0,0.0,0.0,0.0,0.0,0.0,0.0,0.75,1.0,0.75,1.0,0.75,1.0
out-owt-small-mhc-identity-h-res-4streams-10000iter/ckpt.pt,out-owt-small-mhc-identity-h-res-4streams-10000iter,identity,transformer.h.1.hc_attn.static_alpha,1,attn,4.0,0.0,0.0,0.0,0.0,4.0,1.0,0.0,0.0,0.0,0.0,4.0,0.0,0.0,-0.0,1.0,1.0,1.0,1.0,1.0,1.0,0.0,0.0,0.0,0.0,0.0,0.0,0.0,0.0,0.75,1.0,0.75,1.0,0.75,1.0
out-owt-small-mhc-identity-h-res-4streams-10000iter/ckpt.pt,out-owt-small-mhc-identity-h-res-4streams-10000iter,identity,transformer.h.1.hc_mlp.static_alpha,1,mlp,4.0,0.0,0.0,0.0,0.0,4.0,1.0,0.0,0.0,0.0,0.0,4.0,0.0,0.0,-0.0,1.0,1.0,1.0,1.0,1.0,1.0,0.0,0.0,0.0,0.0,0.0,0.0,0.0,0.0,0.75,1.0,0.75,1.0,0.75,1.0
out-owt-small-mhc-identity-h-res-4streams-10000iter/ckpt.pt,out-owt-small-mhc-identity-h-res-4streams-10000iter,identity,transformer.h.2.hc_attn.static_alpha,2,attn,4.0,0.0,0.0,0.0,0.0,4.0,1.0,0.0,0.0,0.0,0.0,4.0,0.0,0.0,-0.0,1.0,1.0,1.0,1.0,1.0,1.0,0.0,0.0,0.0,0.0,0.0,0.0,0.0,0.0,0.75,1.0,0.75,1.0,0.75,1.0
out-owt-small-mhc-identity-h-res-4streams-10000iter/ckpt.pt,out-owt-small-mhc-identity-h-res-4streams-10000iter,identity,transformer.h.2.hc_mlp.static_alpha,2,mlp,4.0,0.0,0.0,0.0,0.0,4.0,1.0,0.0,0.0,0.0,0.0,4.0,0.0,0.0,-0.0,1.0,1.0,1.0,1.0,1.0,1.0,0.0,0.0,0.0,0.0,0.0,0.0,0.0,0.0,0.75,1.0,0.75,1.0,0.75,1.0
out-owt-small-mhc-identity-h-res-4streams-10000iter/ckpt.pt,out-owt-small-mhc-identity-h-res-4streams-10000iter,identity,transformer.h.3.hc_attn.static_alpha,3,attn,4.0,0.0,0.0,0.0,0.0,4.0,1.0,0.0,0.0,0.0,0.0,4.0,0.0,0.0,-0.0,1.0,1.0,1.0,1.0,1.0,1.0,0.0,0.0,0.0,0.0,0.0,0.0,0.0,0.0,0.75,1.0,0.75,1.0,0.75,1.0
out-owt-small-mhc-identity-h-res-4streams-10000iter/ckpt.pt,out-owt-small-mhc-identity-h-res-4streams-10000iter,identity,transformer.h.3.hc_mlp.static_alpha,3,mlp,4.0,0.0,0.0,0.0,0.0,4.0,1.0,0.0,0.0,0.0,0.0,4.0,0.0,0.0,-0.0,1.0,1.0,1.0,1.0,1.0,1.0,0.0,0.0,0.0,0.0,0.0,0.0,0.0,0.0,0.75,1.0,0.75,1.0,0.75,1.0
out-owt-small-mhc-identity-h-res-4streams-10000iter/ckpt.pt,out-owt-small-mhc-identity-h-res-4streams-10000iter,identity,transformer.h.4.hc_attn.static_alpha,4,attn,4.0,0.0,0.0,0.0,0.0,4.0,1.0,0.0,0.0,0.0,0.0,4.0,0.0,0.0,-0.0,1.0,1.0,1.0,1.0,1.0,1.0,0.0,0.0,0.0,0.0,0.0,0.0,0.0,0.0,0.75,1.0,0.75,1.0,0.75,1.0
out-owt-small-mhc-identity-h-res-4streams-10000iter/ckpt.pt,out-owt-small-mhc-identity-h-res-4streams-10000iter,identity,transformer.h.4.hc_mlp.static_alpha,4,mlp,4.0,0.0,0.0,0.0,0.0,4.0,1.0,0.0,0.0,0.0,0.0,4.0,0.0,0.0,-0.0,1.0,1.0,1.0,1.0,1.0,1.0,0.0,0.0,0.0,0.0,0.0,0.0,0.0,0.0,0.75,1.0,0.75,1.0,0.75,1.0
out-owt-small-mhc-identity-h-res-4streams-10000iter/ckpt.pt,out-owt-small-mhc-identity-h-res-4streams-10000iter,identity,transformer.h.5.hc_attn.static_alpha,5,attn,4.0,0.0,0.0,0.0,0.0,4.0,1.0,0.0,0.0,0.0,0.0,4.0,0.0,0.0,-0.0,1.0,1.0,1.0,1.0,1.0,1.0,0.0,0.0,0.0,0.0,0.0,0.0,0.0,0.0,0.75,1.0,0.75,1.0,0.75,1.0
out-owt-small-mhc-identity-h-res-4streams-10000iter/ckpt.pt,out-owt-small-mhc-identity-h-res-4streams-10000iter,identity,transformer.h.5.hc_mlp.static_alpha,5,mlp,4.0,0.0,0.0,0.0,0.0,4.0,1.0,0.0,0.0,0.0,0.0,4.0,0.0,0.0,-0.0,1.0,1.0,1.0,1.0,1.0,1.0,0.0,0.0,0.0,0.0,0.0,0.0,0.0,0.0,0.75,1.0,0.75,1.0,0.75,1.0
out-owt-small-mhc-alm-nonnegative-4streams-10000iter/ckpt.pt,out-owt-small-mhc-alm-nonnegative-4streams-10000iter,alm_nonnegative,transformer.h.0.hc_attn.static_alpha,0,attn,4.0,6.676377233816311e-05,1.6690943084540777e-05,1.4413662938750349e-05,3.153085708618164e-05,3.999884605407715,0.9999711513519287,0.00011540281411726028,2.885070352931507e-05,9.616901479603257e-06,1.198485551867634e-05,4.0,0.0003619570634327829,0.0002610968076623976,0.00027741104713641107,1.0003620386123657,0.9999711513519287,0.9999692440032959,0.999981701374054,1.0,1.0,2.4437217689410318e-06,6.109304422352579e-07,7.748603820800781e-07,4.3213367462158203e-07,2.0265579223632812e-06,1.2814998626708984e-06,0.0,0.0,0.75,1.0,0.75,1.0,0.75,1.0
out-owt-small-mhc-alm-nonnegative-4streams-10000iter/ckpt.pt,out-owt-small-mhc-alm-nonnegative-4streams-10000iter,alm_nonnegative,transformer.h.0.hc_mlp.static_alpha,0,mlp,4.0,0.00018913226085714996,4.728306521428749e-05,3.702546382555738e-05,9.810924530029297e-05,3.9997005462646484,0.9999251365661621,0.0002930133487097919,7.325333717744797e-05,2.4417779059149325e-05,7.235826342366636e-05,3.9999935626983643,0.0008270993130281568,0.0005966260214336216,0.0007862416678108275,1.000827431678772,0.999926745891571,0.9999030232429504,0.9999679923057556,1.0,1.0,6.944553751964122e-05,1.7361384379910305e-05,2.384185791015625e-06,1.6093254089355469e-06,2.86102294921875e-06,1.5944242477416992e-06,0.0,0.0,0.75,1.0,0.75,1.0,0.75,1.0
out-owt-small-mhc-alm-nonnegative-4streams-10000iter/ckpt.pt,out-owt-small-mhc-alm-nonnegative-4streams-10000iter,alm_nonnegative,transformer.h.1.hc_attn.static_alpha,1,attn,4.0,0.0002568968047853559,6.422420119633898e-05,4.6810979256406426e-05,0.00013136863708496094,3.9996228218078613,0.9999057054519653,0.0003716186620295048,9.29046655073762e-05,3.0968221835792065e-05,0.00011677962902467698,3.9999942779541016,0.0010002960916608572,0.0007215611403807998,0.001007209299132228,1.0010008811950684,0.9999070763587952,0.9998688101768494,0.9999703168869019,1.0,1.0,0.0001274219248443842,3.185548121109605e-05,6.139278411865234e-06,2.130866050720215e-06,6.020069122314453e-06,3.382563591003418e-06,0.0,0.0,0.6875,0.9166666865348816,0.75,1.0,0.75,1.0
out-owt-small-mhc-alm-nonnegative-4streams-10000iter/ckpt.pt,out-owt-small-mhc-alm-nonnegative-4streams-10000iter,alm_nonnegative,transformer.h.1.hc_mlp.static_alpha,1,mlp,4.0,0.00028257514350116253,7.064378587529063e-05,5.005294951843098e-05,0.00013202428817749023,3.999598503112793,0.9998996257781982,0.0003993502468802035,9.983756172005087e-05,3.3279186027357355e-05,0.00012448096822481602,3.999998092651367,0.0010434581199660897,0.0007526959525421262,0.0009475141996517777,1.0010440349578857,0.9999001026153564,0.999872088432312,0.999989926815033,1.0,1.0,4.826938675250858e-05,1.2067346688127145e-05,4.112720489501953e-06,1.5944242477416992e-06,1.9073486328125e-06,7.003545761108398e-07,0.0,0.0,0.625,0.8333333134651184,0.75,1.0,0.75,1.0
out-owt-small-mhc-alm-nonnegative-4streams-10000iter/ckpt.pt,out-owt-small-mhc-alm-nonnegative-4streams-10000iter,alm_nonnegative,transformer.h.2.hc_attn.static_alpha,2,attn,4.0,0.0004208929021842778,0.00010522322554606944,7.599719538120553e-05,0.0001723170280456543,3.999390125274658,0.9998475313186646,0.0006059015868231654,0.00015147539670579135,5.049179890193045e-05,0.0001634157233638689,3.999995708465576,0.0015184441581368446,0.001095325918868184,0.001222447375766933,1.0015196800231934,0.999848484992981,0.9998300671577454,0.9999909400939941,1.0,1.0,1.679015622357838e-05,4.197539055894595e-06,2.384185791015625e-06,1.9669532775878906e-06,2.7418136596679688e-06,1.7285346984863281e-06,0.0,0.0,0.5,0.6666666865348816,0.75,1.0,0.75,1.0
out-owt-small-mhc-alm-nonnegative-4streams-10000iter/ckpt.pt,out-owt-small-mhc-alm-nonnegative-4streams-10000iter,alm_nonnegative,transformer.h.2.hc_mlp.static_alpha,2,mlp,4.0,0.00027091274387203157,6.772817869205028e-05,3.9711820136290044e-05,0.00014287233352661133,3.9996814727783203,0.9999203681945801,0.0003168619005009532,7.92154751252383e-05,2.6405157768749632e-05,0.00013255687372293323,3.9999983310699463,0.0008246210054494441,0.0005948383477516472,0.0010800918098539114,1.0008251667022705,0.9999207854270935,0.9998558163642883,0.9999890923500061,1.0,1.0,5.082686402602121e-05,1.2706716006505303e-05,4.112720489501953e-06,1.7881393432617188e-06,1.0132789611816406e-06,5.513429641723633e-07,0.0,0.0,0.625,0.8333333134651184,0.75,1.0,0.75,1.0
out-owt-small-mhc-alm-nonnegative-4streams-10000iter/ckpt.pt,out-owt-small-mhc-alm-nonnegative-4streams-10000iter,alm_nonnegative,transformer.h.3.hc_attn.static_alpha,3,attn,4.0,0.00020125725131947547,5.031431282986887e-05,3.0786817660555243e-05,0.00011599063873291016,3.9997506141662598,0.9999376535415649,0.0002430840686429292,6.07710171607323e-05,2.02570063265739e-05,9.174185106530786e-05,3.9999935626983643,0.0006546680233441293,0.0004722431767731905,0.0008790801512077451,1.000654935836792,0.9999392032623291,0.9998863339424133,0.999988317489624,1.0,1.0,2.8863752959296107e-05,7.215938239824027e-06,4.5299530029296875e-06,1.8328428268432617e-06,4.76837158203125e-06,1.8328428268432617e-06,0.0,0.0,0.75,1.0,0.75,1.0,0.75,1.0
out-owt-small-mhc-alm-nonnegative-4streams-10000iter/ckpt.pt,out-owt-small-mhc-alm-nonnegative-4streams-10000iter,alm_nonnegative,transformer.h.3.hc_mlp.static_alpha,3,mlp,4.0,0.00025241266121156514,6.310316530289128e-05,3.800202102866024e-05,0.00014775991439819336,3.9996955394744873,0.9999238848686218,0.0003034526016563177,7.586315041407943e-05,2.528771619836334e-05,0.00011258832819294184,3.9999990463256836,0.000795771018601954,0.0005740274791605771,0.0011052038753405213,1.0007963180541992,0.9999241232872009,0.9998530149459839,0.9999887943267822,1.0,1.0,1.0741335245256778e-05,2.6853338113141945e-06,2.2649765014648438e-06,1.385807991027832e-06,3.635883331298828e-06,1.5348196029663086e-06,0.0,0.0,0.625,0.8333333134651184,0.75,1.0,0.75,1.0
out-owt-small-mhc-alm-nonnegative-4streams-10000iter/ckpt.pt,out-owt-small-mhc-alm-nonnegative-4streams-10000iter,alm_nonnegative,transformer.h.4.hc_attn.static_alpha,4,attn,4.0,0.00029969337629154325,7.492334407288581e-05,4.563253605738282e-05,0.0001805424690246582,3.999634265899658,0.9999085664749146,0.00036414811620488763,9.103702905122191e-05,3.0345676350407302e-05,0.00012661497748922557,3.999998092651367,0.0009362405980937183,0.000675354793202132,0.0013325897743925452,1.0009369850158691,0.999908983707428,0.999819815158844,0.9999861121177673,1.0,1.0,3.0428068384935614e-06,7.607017096233903e-07,1.7285346984863281e-06,1.2367963790893555e-06,2.1457672119140625e-06,8.344650268554688e-07,0.0,0.0,0.625,0.8333333134651184,0.75,1.0,0.75,1.0
out-owt-small-mhc-alm-nonnegative-4streams-10000iter/ckpt.pt,out-owt-small-mhc-alm-nonnegative-4streams-10000iter,alm_nonnegative,transformer.h.4.hc_mlp.static_alpha,4,mlp,4.0,0.00029740517493337393,7.435129373334348e-05,4.6427903725998476e-05,0.00018334388732910156,3.9996285438537598,0.9999071359634399,0.00037127110408619046,9.281777602154762e-05,3.093925988650881e-05,0.00011758394248317927,4.0,0.0009580123005434871,0.0006910598604008555,0.001355668529868126,1.0009586811065674,0.9999071359634399,0.9998171925544739,0.9999828338623047,1.0,1.0,2.2056844954931876e-06,5.514211238732969e-07,7.748603820800781e-07,5.960464477539062e-07,1.3113021850585938e-06,9.08970832824707e-07,0.0,0.0,0.625,0.8333333134651184,0.75,1.0,0.75,1.0
out-owt-small-mhc-alm-nonnegative-4streams-10000iter/ckpt.pt,out-owt-small-mhc-alm-nonnegative-4streams-10000iter,alm_nonnegative,transformer.h.5.hc_attn.static_alpha,5,attn,4.0,0.000442008109530434,0.0001105020273826085,7.49369355617091e-05,0.00029331445693969727,3.9994001388549805,0.9998500347137451,0.0005991297075524926,0.00014978242688812315,4.9927475629374385e-05,0.00015986128710210323,3.9999992847442627,0.0015232076402753592,0.001098762033507228,0.002128796186298132,1.001524806022644,0.9998502731323242,0.9997082948684692,0.9999615550041199,1.0,1.0,2.081653474306222e-05,5.204133685765555e-06,1.6093254089355469e-06,1.2665987014770508e-06,2.2649765014648438e-06,1.296401023864746e-06,0.0,0.0,0.5625,0.75,0.75,1.0,0.75,1.0
out-owt-small-mhc-alm-nonnegative-4streams-10000iter/ckpt.pt,out-owt-small-mhc-alm-nonnegative-4streams-10000iter,alm_nonnegative,transformer.h.5.hc_mlp.static_alpha,5,mlp,4.0,0.0002767907571978867,6.919768929947168e-05,5.066317680757493e-05,0.00017702579498291016,3.9995970726013184,0.9998992681503296,0.00040762382559478283,0.00010190595639869571,3.396865213289857e-05,8.528438047505915e-05,4.000004768371582,0.0010888283140957355,0.0007854236755520105,0.0013725622557103634,1.0010894536972046,0.9998980760574341,0.9998217821121216,0.9999719858169556,1.0,1.0,0.00011084184370702133,2.771046092675533e-05,3.2186508178710938e-06,1.9371509552001953e-06,2.7418136596679688e-06,1.1622905731201172e-06,0.0,0.0,0.75,1.0,0.75,1.0,0.75,1.0
out-owt-small-mhc-alm-signed-sprox-4streams-10000iter/ckpt.pt,out-owt-small-mhc-alm-signed-sprox-4streams-10000iter,alm_signed_sprox,transformer.h.0.hc_attn.static_alpha,0,attn,4.0,4.738533334602835e-06,1.1846333336507087e-06,9.484127758696559e-07,2.1457672119140625e-06,3.999997615814209,0.9999994039535522,-3.303318862890592e-08,-8.25829715722648e-09,7.132073847060383e-07,2.1281464341882383e-06,3.999997615814209,1.585584323038347e-05,1.1437572538852692e-05,1.938469176820945e-05,1.0000158548355103,0.999998927116394,0.9999982118606567,0.9999997615814209,1.0,1.0,4.481688392843353e-06,1.1204220982108382e-06,1.430511474609375e-06,5.960464477539062e-07,3.7550926208496094e-06,2.4884939193725586e-06,2.1281464341882383e-06,2.68485052856704e-07,0.75,1.0,0.75,1.0,0.75,1.0
out-owt-small-mhc-alm-signed-sprox-4streams-10000iter/ckpt.pt,out-owt-small-mhc-alm-signed-sprox-4streams-10000iter,alm_signed_sprox,transformer.h.0.hc_mlp.static_alpha,0,mlp,4.0,0.0005799781647510827,0.00014499454118777066,0.00010545533586991951,0.00036041109706275165,3.999849796295166,0.9999624490737915,0.0001467137481085956,3.66784370271489e-05,0.00010527647100389004,0.00036041109706275165,3.9999966621398926,0.0017208859790116549,0.0012413568329066038,0.002795756794512272,1.0017231702804565,0.9998237490653992,0.9995781183242798,0.999968409538269,1.0,1.0,0.0008023899863474071,0.00020059749658685178,1.5497207641601562e-06,9.238719940185547e-07,2.4437904357910156e-06,1.8775463104248047e-06,0.00031301673152484,3.489387017907575e-05,0.5,0.6666666865348816,0.75,1.0,0.75,1.0
out-owt-small-mhc-alm-signed-sprox-4streams-10000iter/ckpt.pt,out-owt-small-mhc-alm-signed-sprox-4streams-10000iter,alm_signed_sprox,transformer.h.1.hc_attn.static_alpha,1,attn,4.0,0.0005653155967593193,0.00014132889918982983,0.00010655822552507743,0.0003101731126662344,4.000037670135498,1.0000094175338745,-2.7317353669786826e-05,-6.8293384174467064e-06,0.00012108189548598602,0.0003101731126662344,4.0000104904174805,0.0017283875495195389,0.0012467680498957634,0.002030609641224146,1.00173020362854,0.9998217821121216,0.9996899366378784,0.9999780058860779,1.0,1.0,0.0009785071015357971,0.0002446267753839493,1.7404556274414062e-05,6.139278411865234e-06,6.794929504394531e-06,4.0531158447265625e-06,0.0002997776900883764,4.625937435775995e-05,0.4375,0.5833333134651184,0.75,1.0,0.75,1.0
out-owt-small-mhc-alm-signed-sprox-4streams-10000iter/ckpt.pt,out-owt-small-mhc-alm-signed-sprox-4streams-10000iter,alm_signed_sprox,transformer.h.1.hc_mlp.static_alpha,1,mlp,4.0,0.0007309287902899086,0.00018273219757247716,0.00014919288514647633,0.0004010382399428636,4.000524044036865,1.0001310110092163,-0.0005227327346801758,-0.00013068318367004395,0.00014159909915179014,0.0004010382399428636,4.000001430511475,0.0013976828195154667,0.0010082151275128126,0.0016136260237544775,1.001399040222168,0.9998530149459839,0.9997603893280029,1.0,1.0,1.0,0.0007797478465363383,0.00019493696163408458,1.71661376953125e-05,8.210539817810059e-06,7.331371307373047e-06,5.0961971282958984e-06,0.0004010382399428636,6.94350601406768e-05,0.3125,0.4166666567325592,0.75,1.0,0.75,1.0
out-owt-small-mhc-alm-signed-sprox-4streams-10000iter/ckpt.pt,out-owt-small-mhc-alm-signed-sprox-4streams-10000iter,alm_signed_sprox,transformer.h.2.hc_attn.static_alpha,2,attn,4.0,0.0005957108805887401,0.00014892772014718503,0.00012036357657052577,0.00034427642822265625,4.000639915466309,1.0001599788665771,-0.0006334804929792881,-0.00015837012324482203,0.00010714852396631613,0.00022434060520026833,4.000006675720215,0.0008296516025438905,0.0005984671297483146,0.0009581883205100894,1.000830054283142,0.9999184608459473,0.9998660683631897,0.9999980330467224,1.0,1.0,0.0005480680847540498,0.00013701702118851244,1.990795135498047e-05,8.314847946166992e-06,5.0067901611328125e-06,1.6093254089355469e-06,0.00022434060520026833,5.9976973716402426e-05,0.375,0.5,0.75,1.0,0.75,1.0
out-owt-small-mhc-alm-signed-sprox-4streams-10000iter/ckpt.pt,out-owt-small-mhc-alm-signed-sprox-4streams-10000iter,alm_signed_sprox,transformer.h.2.hc_mlp.static_alpha,2,mlp,4.0,0.0008927608723752201,0.00022319021809380502,0.0001794834970496595,0.0005898475646972656,4.001014232635498,1.0002535581588745,-0.0010093764867633581,-0.00025234412169083953,0.00015477207489311695,0.00034000506275333464,4.00000524520874,0.0010342252207919955,0.0007460357155650854,0.0015797028318047523,1.0010349750518799,0.9998940229415894,0.9997660517692566,1.0,1.0,1.0,0.0006900499574840069,0.00017251248937100172,1.5616416931152344e-05,6.5267086029052734e-06,7.271766662597656e-06,3.2633543014526367e-06,0.00034000506275333464,8.958253602031618e-05,0.25,0.3333333432674408,0.75,1.0,0.75,1.0
out-owt-small-mhc-alm-signed-sprox-4streams-10000iter/ckpt.pt,out-owt-small-mhc-alm-signed-sprox-4streams-10000iter,alm_signed_sprox,transformer.h.3.hc_attn.static_alpha,3,attn,4.0,0.0009824364678934216,0.0002456091169733554,0.00018093030666932464,0.0006014108657836914,4.000899314880371,1.0002248287200928,-0.0008952684584073722,-0.00022381711460184306,0.0001662676950218156,0.0005369969876483083,4.000004291534424,0.001334587810561061,0.0009627016261219978,0.0020120504777878523,1.0013359785079956,0.999862551689148,0.9997065663337708,0.9999911189079285,1.0,1.0,0.0008641422027722001,0.00021603555069305003,1.704692840576172e-05,7.599592208862305e-06,2.86102294921875e-06,1.519918441772461e-06,0.0005369969876483083,9.032752859639004e-05,0.1875,0.25,0.75,1.0,0.75,1.0
out-owt-small-mhc-alm-signed-sprox-4streams-10000iter/ckpt.pt,out-owt-small-mhc-alm-signed-sprox-4streams-10000iter,alm_signed_sprox,transformer.h.3.hc_mlp.static_alpha,3,mlp,4.0,0.0013111482840031385,0.00032778707100078464,0.0002673585549928248,0.0006423467420972884,4.001579284667969,1.0003948211669922,-0.0015777542721480131,-0.0003944385680370033,0.00022488093236461282,0.0006423467420972884,4.000001430511475,0.001352405291981995,0.0009755542268976569,0.002921244828030467,1.0013545751571655,0.9998599886894226,0.9995662569999695,0.9999668002128601,1.0,1.0,0.000842427893076092,0.000210606973269023,1.1682510375976562e-05,5.4836273193359375e-06,8.761882781982422e-06,4.753470420837402e-06,0.0006423467420972884,0.00013363517064135522,0.25,0.3333333432674408,0.75,1.0,0.75,1.0
out-owt-small-mhc-alm-signed-sprox-4streams-10000iter/ckpt.pt,out-owt-small-mhc-alm-signed-sprox-4streams-10000iter,alm_signed_sprox,transformer.h.4.hc_attn.static_alpha,4,attn,4.0,0.0013610987225547433,0.0003402746806386858,0.00027024178416468203,0.0006337165832519531,4.001862049102783,1.0004655122756958,-0.0018514813855290413,-0.0004628703463822603,0.00020516151562333107,0.0006215006578713655,4.0000104904174805,0.0007732650847174227,0.0005577928386628628,0.0017877313075587153,1.0007741451263428,0.9999237656593323,0.9997486472129822,0.9999796152114868,1.0,1.0,0.0006179353804327548,0.0001544838451081887,1.0251998901367188e-05,3.039836883544922e-06,1.2278556823730469e-05,8.016824722290039e-06,0.0006215006578713655,0.0001347943616565317,0.3125,0.4166666567325592,0.75,1.0,0.75,1.0
out-owt-small-mhc-alm-signed-sprox-4streams-10000iter/ckpt.pt,out-owt-small-mhc-alm-signed-sprox-4streams-10000iter,alm_signed_sprox,transformer.h.4.hc_mlp.static_alpha,4,mlp,4.0,0.001407785341143608,0.000351946335285902,0.00028622031095437706,0.0006443275487981737,4.001917362213135,1.0004793405532837,-0.0019088257104158401,-0.00047720642760396004,0.00022183696273714304,0.0006443275487981737,4.000008583068848,0.0009488200303167105,0.0006844289600849152,0.0017366710817441344,1.0009496212005615,0.9999059438705444,0.9997567534446716,0.9999840259552002,1.0,1.0,0.0006290221936069429,0.00015725554840173572,9.417533874511719e-06,3.844499588012695e-06,1.52587890625e-05,8.89599323272705e-06,0.0006443275487981737,0.00014283964992500842,0.25,0.3333333432674408,0.75,1.0,0.75,1.0
out-owt-small-mhc-alm-signed-sprox-4streams-10000iter/ckpt.pt,out-owt-small-mhc-alm-signed-sprox-4streams-10000iter,alm_signed_sprox,transformer.h.5.hc_attn.static_alpha,5,attn,4.0,0.0015002094442024827,0.0003750523610506207,0.0003035504196304828,0.0007178462692536414,4.002015113830566,1.0005037784576416,-0.00200708769261837,-0.0005017719231545925,0.00023676799901295453,0.0007178462692536414,4.000008583068848,0.0010429482208564878,0.000752328138332814,0.0021535970736294985,1.0010441541671753,0.9998958110809326,0.9996931552886963,0.9999740123748779,1.0,1.0,0.0007445764495059848,0.0001861441123764962,6.556510925292969e-06,4.366040229797363e-06,6.9141387939453125e-06,4.857778549194336e-06,0.0007178462692536414,0.00015150949184317142,0.25,0.3333333432674408,0.75,1.0,0.75,1.0
out-owt-small-mhc-alm-signed-sprox-4streams-10000iter/ckpt.pt,out-owt-small-mhc-alm-signed-sprox-4streams-10000iter,alm_signed_sprox,transformer.h.5.hc_mlp.static_alpha,5,mlp,4.0,0.001616970170289278,0.0004042425425723195,0.00032960204407572746,0.0007290840148925781,4.002279281616211,1.0005698204040527,-0.00228127115406096,-0.00057031778851524,0.0002495093795005232,0.0006850524805486202,3.999998092651367,0.0009018658311106265,0.0006505586788989604,0.0017831487348303199,1.000902771949768,0.9999109506607056,0.9997525811195374,0.9999693036079407,1.0,1.0,0.0007793378317728639,0.00019483445794321597,4.0531158447265625e-06,2.518296241760254e-06,9.059906005859375e-06,4.202127456665039e-06,0.0006850524805486202,0.00016485572268720716,0.1875,0.25,0.75,1.0,0.75,1.0
out-owt-small-mhc-admm-reverse-kl-sprox-alm-4streams-10000iter/ckpt.pt,out-owt-small-mhc-admm-reverse-kl-sprox-alm-4streams-10000iter,admm_reverse_kl_sprox_alm,transformer.h.0.hc_attn.static_alpha,0,attn,4.0,0.016698453575372696,0.004174613393843174,0.0036128300707787275,0.007335782051086426,3.97108793258667,0.9927719831466675,0.028893450275063515,0.007223362568765879,0.002407787600532174,0.002623736159875989,3.999981641769409,0.05073322355747223,0.036596283316612244,0.03753203526139259,1.0520427227020264,0.99277663230896,0.9925629496574402,0.9953052997589111,1.0,1.0,0.0009731341851875186,0.00024328354629687965,0.0003045797348022461,0.00024062395095825195,0.00031369924545288086,0.00024068355560302734,0.0,0.0,0.0,0.0,0.0,0.0,0.75,1.0
out-owt-small-mhc-admm-reverse-kl-sprox-alm-4streams-10000iter/ckpt.pt,out-owt-small-mhc-admm-reverse-kl-sprox-alm-4streams-10000iter,admm_reverse_kl_sprox_alm,transformer.h.0.hc_mlp.static_alpha,0,mlp,4.0,0.016270030289888382,0.0040675075724720955,0.003520818194374442,0.0071184635162353516,3.9718246459960938,0.9929561614990234,0.028157737106084824,0.007039434276521206,0.00234647816978395,0.0025580551009625196,3.9999821186065674,0.04962866008281708,0.03579951077699661,0.037211645394563675,1.05088210105896,0.9929605722427368,0.9926363825798035,0.9953755140304565,1.0,1.0,0.0007420043111778796,0.0001855010777944699,0.0003528594970703125,0.00018934905529022217,0.0003618001937866211,0.00018946826457977295,0.0,0.0,0.0,0.0,0.0,0.0,0.75,1.0
out-owt-small-mhc-admm-reverse-kl-sprox-alm-4streams-10000iter/ckpt.pt,out-owt-small-mhc-admm-reverse-kl-sprox-alm-4streams-10000iter,admm_reverse_kl_sprox_alm,transformer.h.1.hc_attn.static_alpha,1,attn,4.0,0.016949940472841263,0.004237485118210316,0.003668488934636116,0.00747758150100708,3.9706432819366455,0.9926608204841614,0.02933928370475769,0.007334820926189423,0.002444940386340022,0.002585704904049635,3.9999828338623047,0.05141318961977959,0.03708677738904953,0.03811423480510712,1.0527584552764893,0.99266517162323,0.9924278855323792,0.9951645135879517,1.0,1.0,0.0004147831932641566,0.00010369579831603914,0.00023359060287475586,0.00011245906352996826,0.000225067138671875,0.00011682510375976562,0.0,0.0,0.0,0.0,0.0,0.0,0.75,1.0
out-owt-small-mhc-admm-reverse-kl-sprox-alm-4streams-10000iter/ckpt.pt,out-owt-small-mhc-admm-reverse-kl-sprox-alm-4streams-10000iter,admm_reverse_kl_sprox_alm,transformer.h.1.hc_mlp.static_alpha,1,mlp,4.0,0.016177574172616005,0.004044393543154001,0.0034998119808733463,0.007125437259674072,3.9719929695129395,0.9929982423782349,0.027989838272333145,0.006997459568083286,0.002332486445084214,0.0026058072689920664,3.9999828338623047,0.0493684783577919,0.0356118269264698,0.03674289584159851,1.0506080389022827,0.9930025339126587,0.9927424788475037,0.9954826831817627,1.0,1.0,0.0009211805299855769,0.00023029513249639422,0.00013303756713867188,7.805228233337402e-05,0.0001417994499206543,7.806718349456787e-05,0.0,0.0,0.0,0.0,0.0,0.0,0.75,1.0
out-owt-small-mhc-admm-reverse-kl-sprox-alm-4streams-10000iter/ckpt.pt,out-owt-small-mhc-admm-reverse-kl-sprox-alm-4streams-10000iter,admm_reverse_kl_sprox_alm,transformer.h.2.hc_attn.static_alpha,2,attn,4.0,0.016112765297293663,0.004028191324323416,0.0034840195439755917,0.0071372389793396,3.9721195697784424,0.9930298924446106,0.02786387875676155,0.006965969689190388,0.0023219899740070105,0.002639568643644452,3.999983310699463,0.04916795343160629,0.035467181354761124,0.03772461786866188,1.0504014492034912,0.9930341243743896,0.9925172924995422,0.9954577088356018,1.0,1.0,0.0009077428840100765,0.00022693572100251913,0.0004404783248901367,0.00027298927307128906,0.0004324913024902344,0.0002733469009399414,0.0,0.0,0.0,0.0,0.0,0.0,0.75,1.0
out-owt-small-mhc-admm-reverse-kl-sprox-alm-4streams-10000iter/ckpt.pt,out-owt-small-mhc-admm-reverse-kl-sprox-alm-4streams-10000iter,admm_reverse_kl_sprox_alm,transformer.h.2.hc_mlp.static_alpha,2,mlp,4.0,0.015958495438098907,0.003989623859524727,0.003452898934483528,0.007082700729370117,3.9723691940307617,0.9930922985076904,0.027615338563919067,0.006903834640979767,0.002301278291270137,0.0024210214614868164,3.9999842643737793,0.04880397766828537,0.035204630345106125,0.03613646328449249,1.0500158071517944,0.9930962324142456,0.9928845763206482,0.9954923391342163,1.0,1.0,0.0007626594742760062,0.00019066486856900156,0.00034248828887939453,0.0002244114875793457,0.00033473968505859375,0.00022432208061218262,0.0,0.0,0.0,0.0,0.0,0.0,0.75,1.0
out-owt-small-mhc-admm-reverse-kl-sprox-alm-4streams-10000iter/ckpt.pt,out-owt-small-mhc-admm-reverse-kl-sprox-alm-4streams-10000iter,admm_reverse_kl_sprox_alm,transformer.h.3.hc_attn.static_alpha,3,attn,4.0,0.016270089894533157,0.004067522473633289,0.00352115579880774,0.007074952125549316,3.971823215484619,0.9929558038711548,0.028161587193608284,0.007040396798402071,0.002346799010410905,0.002483798423781991,3.9999847412109375,0.0496356375515461,0.03580454736948013,0.03681892901659012,1.0508885383605957,0.9929596185684204,0.9927274584770203,0.9954047203063965,1.0,1.0,0.0006589007098227739,0.00016472517745569348,0.00023221969604492188,0.00014896690845489502,0.00024014711380004883,0.00014884769916534424,0.0,0.0,0.0,0.0,0.0,0.0,0.75,1.0
out-owt-small-mhc-admm-reverse-kl-sprox-alm-4streams-10000iter/ckpt.pt,out-owt-small-mhc-admm-reverse-kl-sprox-alm-4streams-10000iter,admm_reverse_kl_sprox_alm,transformer.h.3.hc_mlp.static_alpha,3,mlp,4.0,0.01594267413020134,0.003985668532550335,0.0034502155613154173,0.0070302486419677734,3.972390651702881,0.9930976629257202,0.027594102546572685,0.006898525636643171,0.0022995085455477238,0.0024087659548968077,3.9999849796295166,0.048777803778648376,0.03518574684858322,0.03598858416080475,1.0499873161315918,0.9931014776229858,0.9929184913635254,0.9954690933227539,1.0,1.0,0.0005013086483813822,0.00012532716209534556,0.00011181831359863281,7.249414920806885e-05,0.00011974573135375977,7.261335849761963e-05,0.0,0.0,0.0,0.0,0.0,0.0,0.75,1.0
out-owt-small-mhc-admm-reverse-kl-sprox-alm-4streams-10000iter/ckpt.pt,out-owt-small-mhc-admm-reverse-kl-sprox-alm-4streams-10000iter,admm_reverse_kl_sprox_alm,transformer.h.4.hc_attn.static_alpha,4,attn,4.0,0.015893416479229927,0.003973354119807482,0.003439263440668583,0.007041454315185547,3.9724788665771484,0.9931197166442871,0.02750689908862114,0.006876724772155285,0.002292241668328643,0.002399423159658909,3.999985456466675,0.048643309623003006,0.03508872911334038,0.03614259138703346,1.0498462915420532,0.9931232333183289,0.9928831458091736,0.9954885244369507,1.0,1.0,0.00048776675248518586,0.00012194168812129647,0.00017130374908447266,0.0001272261142730713,0.00017786026000976562,0.0001271367073059082,0.0,0.0,0.0,0.0,0.0,0.0,0.75,1.0
out-owt-small-mhc-admm-reverse-kl-sprox-alm-4streams-10000iter/ckpt.pt,out-owt-small-mhc-admm-reverse-kl-sprox-alm-4streams-10000iter,admm_reverse_kl_sprox_alm,transformer.h.4.hc_mlp.static_alpha,4,mlp,4.0,0.015929320827126503,0.003982330206781626,0.003444800851866603,0.0070953369140625,3.9724338054656982,0.9931084513664246,0.02755061909556389,0.006887654773890972,0.0022958850022405386,0.0024556233547627926,3.9999845027923584,0.048696137964725494,0.035126835107803345,0.036139655858278275,1.0499024391174316,0.993112325668335,0.9928835034370422,0.9954958558082581,1.0,1.0,0.0008036771323531866,0.00020091928308829665,0.0002936124801635742,0.00016134977340698242,0.0003001689910888672,0.00016094744205474854,0.0,0.0,0.0,0.0,0.0,0.0,0.75,1.0
out-owt-small-mhc-admm-reverse-kl-sprox-alm-4streams-10000iter/ckpt.pt,out-owt-small-mhc-admm-reverse-kl-sprox-alm-4streams-10000iter,admm_reverse_kl_sprox_alm,transformer.h.5.hc_attn.static_alpha,5,attn,4.0,0.016287358477711678,0.004071839619427919,0.0035256422124803066,0.00706934928894043,3.9717869758605957,0.9929467439651489,0.028197310864925385,0.007049327716231346,0.0023497759830206633,0.002440444193780422,3.9999842643737793,0.04969579726457596,0.03584793955087662,0.036121536046266556,1.050951361656189,0.9929506778717041,0.9928877353668213,0.9953495264053345,1.0,1.0,0.0003096834698226303,7.742086745565757e-05,7.528066635131836e-05,6.912648677825928e-05,8.249282836914062e-05,6.890296936035156e-05,0.0,0.0,0.0,0.0,0.0,0.0,0.75,1.0
out-owt-small-mhc-admm-reverse-kl-sprox-alm-4streams-10000iter/ckpt.pt,out-owt-small-mhc-admm-reverse-kl-sprox-alm-4streams-10000iter,admm_reverse_kl_sprox_alm,transformer.h.5.hc_mlp.static_alpha,5,mlp,4.0,0.016857605427503586,0.0042144013568758965,0.0036485823802649975,0.007393002510070801,3.9708032608032227,0.9927008152008057,0.029180580750107765,0.007295145187526941,0.002431715140119195,0.0025942272040992975,3.999983787536621,0.051174990832805634,0.03691495209932327,0.03769208863377571,1.0525074005126953,0.9927048087120056,0.9925253987312317,0.9952177405357361,1.0,1.0,0.00035475441836752,8.868860459188e-05,0.0001575946807861328,8.280575275421143e-05,0.00016605854034423828,7.897615432739258e-05,0.0,0.0,0.0,0.0,0.0,0.0,0.75,1.0
